{"cameraMode":{"drawMode":0,"name":"Shaded","section":"Shading Mode"},"sceneLighting":true,"audioPlay":false,"sceneViewState":{"m_AlwaysRefresh":false,"showFog":true,"showSkybox":true,"showFlares":true,"showImageEffects":true,"showParticleSystems":true,"showVisualEffectGraphs":true,"m_FxEnabled":true},"in2DMode":false,"pivot":{"x":-0.45502856373786929,"y":-0.5208991765975952,"z":-4.318963050842285},"rotation":{"x":0.23893937468528748,"y":-0.06403616815805435,"z":0.01579556055366993,"w":0.9687977433204651},"size":4.736499786376953,"orthographic":false}