{"cameraMode":{"drawMode":0,"name":"Shaded","section":"Shading Mode"},"sceneLighting":true,"audioPlay":false,"sceneViewState":{"m_AlwaysRefresh":false,"showFog":true,"showSkybox":true,"showFlares":true,"showImageEffects":true,"showParticleSystems":true,"showVisualEffectGraphs":true,"m_FxEnabled":true},"in2DMode":false,"pivot":{"x":0.222320556640625,"y":8.998085021972657,"z":-0.14837312698364259},"rotation":{"x":0.1531352698802948,"y":0.7352715730667114,"z":-0.6362047791481018,"w":0.17684878408908845},"size":37.377471923828128,"orthographic":false}