{"cameraMode":{"drawMode":0,"name":"Shaded","section":"Shading Mode"},"sceneLighting":true,"audioPlay":false,"sceneViewState":{"m_AlwaysRefresh":false,"showFog":true,"showSkybox":true,"showFlares":true,"showImageEffects":true,"showParticleSystems":true,"showVisualEffectGraphs":true,"m_FxEnabled":true},"in2DMode":false,"pivot":{"x":0.222320556640625,"y":8.998085021972657,"z":-0.14837312698364259},"rotation":{"x":0.20094776153564454,"y":-0.44823431968688967,"z":0.10414676368236542,"w":0.8647940754890442},"size":12.139159202575684,"orthographic":false}