{"cameraMode":{"drawMode":0,"name":"Shaded","section":"Shading Mode"},"sceneLighting":true,"audioPlay":false,"sceneViewState":{"m_AlwaysRefresh":false,"showFog":true,"showSkybox":true,"showFlares":true,"showImageEffects":true,"showParticleSystems":true,"showVisualEffectGraphs":true,"m_FxEnabled":true},"in2DMode":false,"pivot":{"x":0.3299999237060547,"y":4.519999980926514,"z":-6.090000152587891},"rotation":{"x":0.010699080303311348,"y":0.7709465622901917,"z":-0.6366910934448242,"w":0.012953417375683785},"size":41.68425750732422,"orthographic":false}